time,steering_velocity,acceleration
0.0,0.0,0.0
0.01,2.7520712239913377e-5,0.0003896291205520347
0.02,5.504142447982675e-5,0.0007792582411040694
0.03,8.256213671974013e-5,0.0011688873616561041
0.04,0.0001100828489596535,0.001558516482208139
0.05,0.00013760356119956688,0.0019481456027601737
0.06,0.00016512427343948026,0.0023377747233122082
0.07,0.00019264498567939364,0.002727403843864243
0.08,0.000220165697919307,0.003117032964416278
0.09,0.0002476864101592204,0.0035066620849683126
0.1,0.00027520712239913377,0.0038962912055203473
0.11,0.00030272783463904714,0.004285920326072382
0.12,0.0003302485468789605,0.0046755494466244165
0.13,0.0003577692591188739,0.005065178567176451
0.14,0.00038528997135878727,0.005454807687728485
0.15,0.00041281068359870065,0.0058444368082805195
0.16,0.000440331395838614,0.006234065928832554
0.17,0.0004678521080785274,0.006623695049384588
0.18,0.0004953728203184408,0.0070133241699366225
0.19,0.0005228935325583542,0.007402953290488657
0.2,0.0005504142447982675,0.007792582411040691
0.21,0.0005779349570381809,0.008182211531592726
0.22,0.0006054556692780943,0.00857184065214476
0.23,0.0006329763815180077,0.008961469772696795
0.24,0.000660497093757921,0.00935109889324883
0.25,0.0006880178059978344,0.009740728013800864
0.26,0.0007155385182377478,0.010130357134352898
0.27,0.0007430592304776612,0.010519986254904932
0.28,0.0007705799427175745,0.010909615375456967
0.29,0.0007981006549574879,0.011299244496009001
0.3,0.0008256213671974013,0.011688873616561036
0.31,0.0008531420794373147,0.01207850273711307
0.32,0.000880662791677228,0.012468131857665104
0.33,0.0009081835039171414,0.012857760978217139
0.34,0.0009357042161570548,0.013247390098769173
0.35,0.0009632249283969682,0.013637019219321207
0.36,0.0009907456406368816,0.014026648339873242
0.37,0.001018266352876795,0.014416277460425276
0.38,0.0010457870651167083,0.01480590658097731
0.39,0.0010733077773566217,0.015195535701529345
0.4,0.001100828489596535,0.015585164822081379
0.41,0.0011283492018364484,0.015974793942633413
0.42,0.0011558699140763618,0.01636442306318545
0.43,0.0011833906263162752,0.016754052183737485
0.44,0.0012109113385561886,0.01714368130428952
0.45,0.001238432050796102,0.017533310424841558
0.46,0.0012659527630360153,0.017922939545393594
0.47,0.0012934734752759287,0.01831256866594563
0.48,0.001320994187515842,0.018702197786497666
0.49,0.0013485148997557555,0.019091826907049702
0.5,0.0013760356119956688,0.019481456027601738
0.51,0.0014035563242355822,0.019871085148153774
0.52,0.0014310770364754956,0.02026071426870581
0.53,0.001458597748715409,0.020650343389257846
0.54,0.0014861184609553223,0.021039972509809882
0.55,0.0015136391731952357,0.02142960163036192
0.56,0.001541159885435149,0.021819230750913955
0.57,0.0015686805976750625,0.02220885987146599
0.58,0.0015962013099149758,0.022598488992018027
0.59,0.0016237220221548892,0.022988118112570063
0.6,0.0016512427343948026,0.0233777472331221
0.61,0.001678763446634716,0.023767376353674135
0.62,0.0017062841588746294,0.02415700547422617
0.63,0.0017338048711145427,0.024546634594778207
0.64,0.001761325583354456,0.024936263715330243
0.65,0.0017888462955943695,0.02532589283588228
0.66,0.0018163670078342829,0.025715521956434315
0.67,0.0018438877200741962,0.02610515107698635
0.68,0.0018714084323141096,0.026494780197538387
0.69,0.001898929144554023,0.026884409318090424
0.7,0.0019264498567939364,0.02727403843864246
0.71,0.0019539705690338497,0.027663667559194496
0.72,0.001981491281273763,0.028053296679746532
0.73,0.0020090119935136765,0.028442925800298568
0.74,0.00203653270575359,0.028832554920850604
0.75,0.0020640534179935032,0.02922218404140264
0.76,0.0020915741302334166,0.029611813161954676
0.77,0.00211909484247333,0.030001442282506712
0.78,0.0021466155547132434,0.030391071403058748
0.79,0.0021741362669531568,0.030780700523610784
0.8,0.00220165697919307,0.03117032964416282
0.81,0.0022291776914329835,0.03155995876471485
0.82,0.002256698403672897,0.03194958788526689
0.83,0.0022842191159128103,0.032339217005818925
0.84,0.0023117398281527236,0.03272884612637096
0.85,0.002339260540392637,0.033118475246923
0.86,0.0023667812526325504,0.03350810436747503
0.87,0.0023943019648724638,0.03389773348802707
0.88,0.002421822677112377,0.034287362608579106
0.89,0.0024493433893522905,0.03467699172913114
0.9,0.002476864101592204,0.03506662084968318
0.91,0.0025043848138321173,0.035456249970235214
0.92,0.0025319055260720306,0.03584587909078725
0.93,0.002559426238311944,0.036235508211339286
0.94,0.0025869469505518574,0.03662513733189132
0.95,0.0026144676627917708,0.03701476645244336
0.96,0.002641988375031684,0.037404395572995394
0.97,0.0026695090872715975,0.03779402469354743
0.98,0.002697029799511511,0.038183653814099466
0.99,0.0027245505117514243,0.0385732829346515
1.0,0.0027520712239913377,0.03896291205520354
1.01,0.002779591936231251,0.039352541175755575
1.02,0.0028071126484711644,0.03974217029630761
1.03,0.002834633360711078,0.04013179941685965
1.04,0.002862154072950991,0.04052142853741168
1.05,0.0028896747851909045,0.04091105765796372
1.06,0.002917195497430818,0.041300686778515755
1.07,0.0029447162096707313,0.04169031589906779
1.08,0.0029722369219106447,0.04207994501961983
1.09,0.002999757634150558,0.04246957414017186
1.1,0.0030272783463904714,0.0428592032607239
1.11,0.003054799058630385,0.043248832381275935
1.12,0.003082319770870298,0.04363846150182797
1.13,0.0031098404831102116,0.04402809062238001
1.14,0.003137361195350125,0.044417719742932044
1.15,0.0031648819075900383,0.04480734886348408
1.16,0.0031924026198299517,0.045196977984036116
1.17,0.003219923332069865,0.04558660710458815
1.18,0.0032474440443097784,0.04597623622514019
1.19,0.003274964756549692,0.046365865345692224
1.2,0.003302485468789605,0.04675549446624426
1.21,0.0033300061810295186,0.047145123586796296
1.22,0.003357526893269432,0.04753475270734833
1.23,0.0033850476055093453,0.04792438182790037
1.24,0.0034125683177492587,0.048314010948452404
1.25,0.003440089029989172,0.04870364006900444
1.26,0.0034676097422290855,0.04909326918955648
1.27,0.003495130454468999,0.04948289831010851
1.28,0.003522651166708912,0.04987252743066055
1.29,0.0035501718789488256,0.050262156551212585
1.3,0.003577692591188739,0.05065178567176462
1.31,0.0036052133034286523,0.05104141479231666
1.32,0.0036327340156685657,0.05143104391286869
1.33,0.003660254727908479,0.05182067303342073
1.34,0.0036877754401483925,0.052210302153972765
1.35,0.003715296152388306,0.0525999312745248
1.36,0.0037428168646282192,0.05298956039507684
1.37,0.0037703375768681326,0.05337918951562887
1.38,0.003797858289108046,0.05376881863618091
1.39,0.0038253790013479593,0.054158447756732946
1.4,0.0038528997135878727,0.05454807687728498
1.41,0.003880420425827786,0.05493770599783702
1.42,0.0039079411380676995,0.055327335118389054
1.43,0.003935461850307613,0.05571696423894109
1.44,0.003962982562547526,0.056106593359493126
1.45,0.00399050327478744,0.05649622248004516
1.46,0.004018023987027353,0.0568858516005972
1.47,0.004045544699267266,0.057275480721149234
1.48,0.00407306541150718,0.05766510984170127
1.49,0.004100586123747093,0.058054738962253306
1.5,0.0041281068359870065,0.05844436808280534
1.51,0.00415562754822692,0.05883399720335738
1.52,0.004183148260466833,0.059223626323909415
1.53,0.004210668972706747,0.05961325544446145
1.54,0.00423818968494666,0.06000288456501349
1.55,0.004265710397186573,0.06039251368556552
1.56,0.004293231109426487,0.06078214280611756
1.57,0.0043207518216664,0.061171771926669595
1.58,0.0043482725339063135,0.06156140104722163
1.59,0.004375793246146227,0.06195103016777367
1.6,0.00440331395838614,0.0623406592883257
1.61,0.004430834670626054,0.06273028840887773
1.62,0.004458355382865967,0.06311991752942976
1.63,0.00448587609510588,0.06350954664998179
1.64,0.004513396807345794,0.06389917577053382
1.65,0.004513396807345794,0.06428880489108585
1.66,0.004513396807345794,0.06467843401163788
1.67,0.004513396807345794,0.06506806313218991
1.68,0.004513396807345794,0.06545769225274194
1.69,0.004513396807345794,0.06584732137329397
1.7,0.004513396807345794,0.066236950493846
1.71,0.004513396807345794,0.06662657961439802
1.72,0.004513396807345794,0.06701620873495005
1.73,0.004513396807345794,0.06740583785550208
1.74,0.004513396807345794,0.06779546697605411
1.75,0.004513396807345794,0.06818509609660614
1.76,0.004513396807345794,0.06857472521715817
1.77,0.004513396807345794,0.0689643543377102
1.78,0.004513396807345794,0.06935398345826223
1.79,0.004513396807345794,0.06974361257881426
1.8,0.004513396807345794,0.07013324169936629
1.81,0.004513396807345794,0.07052287081991832
1.82,0.004513396807345794,0.07091249994047034
1.83,0.004513396807345794,0.07130212906102237
1.84,0.004513396807345794,0.0716917581815744
1.85,0.004513396807345794,0.07208138730212643
1.86,0.004513396807345794,0.07247101642267846
1.87,0.004513396807345794,0.07286064554323049
1.88,0.004513396807345794,0.07325027466378252
1.89,0.004513396807345794,0.07363990378433455
1.9,0.004513396807345794,0.07402953290488658
1.91,0.004513396807345794,0.0744191620254386
1.92,0.004513396807345794,0.07480879114599064
1.93,0.004513396807345794,0.07519842026654266
1.94,0.004513396807345794,0.0755880493870947
1.95,0.004513396807345794,0.07597767850764672
1.96,0.004513396807345794,0.07636730762819875
1.97,0.004513396807345794,0.07675693674875078
1.98,0.004513396807345794,0.07714656586930281
1.99,0.004513396807345794,0.07714656586930281
2.0,0.004513396807345794,0.07714656586930281
2.01,0.004513396807345794,0.07714656586930281
2.02,0.004513396807345794,0.07714656586930281
2.03,0.004513396807345794,0.07714656586930281
2.04,0.004513396807345794,0.07714656586930281
2.05,0.004513396807345794,0.07714656586930281
2.06,0.004513396807345794,0.07714656586930281
2.07,0.004513396807345794,0.07714656586930281
2.08,0.004513396807345794,0.07714656586930281
2.09,0.004513396807345794,0.07714656586930281
2.1,0.004513396807345794,0.07714656586930281
2.11,0.004513396807345794,0.07714656586930281
2.12,0.004513396807345794,0.07714656586930281
2.13,0.004513396807345794,0.07714656586930281
2.14,0.004513396807345794,0.07714656586930281
2.15,0.004513396807345794,0.07714656586930281
2.16,0.004513396807345794,0.07714656586930281
2.17,0.004513396807345794,0.07714656586930281
2.18,0.004513396807345794,0.07714656586930281
2.19,0.004513396807345794,0.07714656586930281
2.2,0.004513396807345794,0.07714656586930281
2.21,0.004513396807345794,0.07714656586930281
2.22,0.004513396807345794,0.07714656586930281
2.23,0.004513396807345794,0.07714656586930281
2.24,0.004513396807345794,0.07714656586930281
2.25,0.004513396807345794,0.07714656586930281
2.26,0.004513396807345794,0.07714656586930281
2.27,0.004513396807345794,0.07714656586930281
2.28,0.004513396807345794,0.07714656586930281
2.29,0.004513396807345794,0.07714656586930281
2.3,0.004513396807345794,0.07714656586930281
2.31,0.004513396807345794,0.07714656586930281
2.32,0.004513396807345794,0.07714656586930281
2.33,0.004513396807345794,0.07714656586930281
2.34,0.004513396807345794,0.07714656586930281
2.35,0.004513396807345794,0.07714656586930281
2.36,0.004513396807345794,0.07714656586930281
2.37,0.004513396807345794,0.07714656586930281
2.38,0.004513396807345794,0.07714656586930281
2.39,0.004513396807345794,0.07714656586930281
2.4,0.004513396807345794,0.07714656586930281
2.41,0.004513396807345794,0.07714656586930281
2.42,0.004513396807345794,0.07714656586930281
2.43,0.004513396807345794,0.07714656586930281
2.44,0.004513396807345794,0.07714656586930281
2.45,0.004513396807345794,0.07714656586930281
2.46,0.004513396807345794,0.07714656586930281
2.47,0.004513396807345794,0.07714656586930281
2.48,0.004513396807345794,0.07714656586930281
2.49,0.004513396807345794,0.07714656586930281
2.5,0.004513396807345794,0.07714656586930281
2.51,0.004513396807345794,0.07714656586930281
2.52,0.004513396807345794,0.07714656586930281
2.53,0.004513396807345794,0.07714656586930281
2.54,0.004513396807345794,0.07714656586930281
2.55,0.004513396807345794,0.07714656586930281
2.56,0.004513396807345794,0.07714656586930281
2.57,0.004513396807345794,0.07714656586930281
2.58,0.004513396807345794,0.07714656586930281
2.59,0.004513396807345794,0.07714656586930281
2.6,0.004513396807345794,0.07714656586930281
2.61,0.004513396807345794,0.07714656586930281
2.62,0.004513396807345794,0.07714656586930281
2.63,0.004513396807345794,0.07714656586930281
2.64,0.004513396807345794,0.07714656586930281
2.65,0.004513396807345794,0.07714656586930281
2.66,0.004513396807345794,0.07714656586930281
2.67,0.004513396807345794,0.07714656586930281
2.68,0.004513396807345794,0.07714656586930281
2.69,0.004513396807345794,0.07714656586930281
2.7,0.004513396807345794,0.07714656586930281
2.71,0.004513396807345794,0.07714656586930281
2.72,0.004513396807345794,0.07714656586930281
2.73,0.004513396807345794,0.07714656586930281
2.74,0.004513396807345794,0.07714656586930281
2.75,0.004513396807345794,0.07714656586930281
2.76,0.004513396807345794,0.07714656586930281
2.77,0.004513396807345794,0.07714656586930281
2.78,0.004513396807345794,0.07714656586930281
2.79,0.004513396807345794,0.07714656586930281
2.8,0.004513396807345794,0.07714656586930281
2.81,0.004513396807345794,0.07714656586930281
2.82,0.004513396807345794,0.07714656586930281
2.83,0.004513396807345794,0.07714656586930281
2.84,0.004513396807345794,0.07714656586930281
2.85,0.004513396807345794,0.07714656586930281
2.86,0.004513396807345794,0.07714656586930281
2.87,0.004513396807345794,0.07714656586930281
2.88,0.004513396807345794,0.07714656586930281
2.89,0.004513396807345794,0.07714656586930281
2.9,0.004513396807345794,0.07714656586930281
2.91,0.004513396807345794,0.07714656586930281
2.92,0.004513396807345794,0.07714656586930281
2.93,0.004513396807345794,0.07714656586930281
2.94,0.004513396807345794,0.07714656586930281
2.95,0.004513396807345794,0.07714656586930281
2.96,0.004513396807345794,0.07714656586930281
2.97,0.004513396807345794,0.07714656586930281
2.98,0.004513396807345794,0.07714656586930281
2.99,0.004513396807345794,0.07714656586930281
3.0,0.004513396807345794,0.07714656586930281
3.01,0.004513396807345794,0.07714656586930281
3.02,0.004513396807345794,0.07714656586930281
3.03,0.004513396807345794,0.07714656586930281
3.04,0.004513396807345794,0.07714656586930281
3.05,0.004513396807345794,0.07714656586930281
3.06,0.004513396807345794,0.07714656586930281
3.07,0.004513396807345794,0.07714656586930281
3.08,0.004513396807345794,0.07714656586930281
3.09,0.004513396807345794,0.07714656586930281
3.1,0.004513396807345794,0.07714656586930281
3.11,0.004513396807345794,0.07714656586930281
3.12,0.004513396807345794,0.07714656586930281
3.13,0.004513396807345794,0.07714656586930281
3.14,0.004513396807345794,0.07714656586930281
3.15,0.004513396807345794,0.07714656586930281
3.16,0.004513396807345794,0.07714656586930281
3.17,0.004513396807345794,0.07714656586930281
3.18,0.004513396807345794,0.07714656586930281
3.19,0.004513396807345794,0.07714656586930281
3.2,0.004513396807345794,0.07714656586930281
3.21,0.004513396807345794,0.07714656586930281
3.22,0.004513396807345794,0.07714656586930281
3.23,0.004513396807345794,0.07714656586930281
3.24,0.004513396807345794,0.07714656586930281
3.25,0.004513396807345794,0.07714656586930281
3.26,0.004513396807345794,0.07714656586930281
3.27,0.004513396807345794,0.07714656586930281
3.28,0.004513396807345794,0.07714656586930281
3.29,0.004513396807345794,0.07714656586930281
3.3,0.004513396807345794,0.07714656586930281
3.31,0.004513396807345794,0.07714656586930281
3.32,0.004513396807345794,0.07714656586930281
3.33,0.004513396807345794,0.07714656586930281
3.34,0.004513396807345794,0.07714656586930281
3.35,0.004513396807345794,0.07714656586930281
3.36,0.004513396807345794,0.07714656586930281
3.37,0.004513396807345794,0.07714656586930281
3.38,0.004513396807345794,0.07714656586930281
3.39,0.004513396807345794,0.07714656586930281
3.4,0.004513396807345794,0.07714656586930281
3.41,0.004513396807345794,0.07714656586930281
3.42,0.004513396807345794,0.07714656586930281
3.43,0.004513396807345794,0.07714656586930281
3.44,0.004513396807345794,0.07714656586930281
3.45,0.004513396807345794,0.07714656586930281
3.46,0.004513396807345794,0.07714656586930281
3.47,0.004513396807345794,0.07714656586930281
3.48,0.004513396807345794,0.07714656586930281
3.49,0.004513396807345794,0.07714656586930281
3.5,0.004513396807345794,0.07714656586930281
3.51,0.004513396807345794,0.07714656586930281
3.52,0.004513396807345794,0.07714656586930281
3.53,0.004513396807345794,0.07714656586930281
3.54,0.004513396807345794,0.07714656586930281
3.55,0.004513396807345794,0.07714656586930281
3.56,0.004513396807345794,0.07714656586930281
3.57,0.004513396807345794,0.07714656586930281
3.58,0.004513396807345794,0.07714656586930281
3.59,0.004513396807345794,0.07714656586930281
3.6,0.004513396807345794,0.07714656586930281
3.61,0.004513396807345794,0.07714656586930281
3.62,0.004513396807345794,0.07714656586930281
3.63,0.004513396807345794,0.07714656586930281
3.64,0.004513396807345794,0.07714656586930281
3.65,0.004513396807345794,0.07714656586930281
3.66,0.004513396807345794,0.07714656586930281
3.67,0.004513396807345794,0.07714656586930281
3.68,0.004513396807345794,0.07714656586930281
3.69,0.004513396807345794,0.07714656586930281
3.7,0.004513396807345794,0.07714656586930281
3.71,0.004513396807345794,0.07714656586930281
3.72,0.004513396807345794,0.07714656586930281
3.73,0.004513396807345794,0.07714656586930281
3.74,0.004513396807345794,0.07714656586930281
3.75,0.004513396807345794,0.07714656586930281
3.76,0.004513396807345794,0.07714656586930281
3.77,0.004513396807345794,0.07714656586930281
3.78,0.004513396807345794,0.07714656586930281
3.79,0.004513396807345794,0.07714656586930281
3.8,0.004513396807345794,0.07714656586930281
3.81,0.004513396807345794,0.07714656586930281
3.82,0.004513396807345794,0.07714656586930281
3.83,0.004513396807345794,0.07714656586930281
3.84,0.004513396807345794,0.07714656586930281
3.85,0.004513396807345794,0.07714656586930281
3.86,0.004513396807345794,0.07714656586930281
3.87,0.004513396807345794,0.07714656586930281
3.88,0.004513396807345794,0.07714656586930281
3.89,0.004513396807345794,0.07714656586930281
3.9,0.004513396807345794,0.07714656586930281
3.91,0.004513396807345794,0.07714656586930281
3.92,0.004513396807345794,0.07714656586930281
3.93,0.004513396807345794,0.07714656586930281
3.94,0.004513396807345794,0.07714656586930281
3.95,0.004513396807345794,0.07714656586930281
3.96,0.004513396807345794,0.07714656586930281
3.97,0.004513396807345794,0.07714656586930281
3.98,0.004513396807345794,0.07714656586930281
3.99,0.004513396807345794,0.07714656586930281
4.0,0.004513396807345794,0.07714656586930281
4.01,0.004513396807345794,0.07714656586930281
4.02,0.004513396807345794,0.07714656586930281
4.03,0.004513396807345794,0.07714656586930281
4.04,0.004513396807345794,0.07714656586930281
4.05,0.004513396807345794,0.07714656586930281
4.06,0.004513396807345794,0.07714656586930281
4.07,0.004513396807345794,0.07714656586930281
4.08,0.004513396807345794,0.07714656586930281
4.09,0.004513396807345794,0.07714656586930281
4.1,0.004513396807345794,0.07714656586930281
4.11,0.004513396807345794,0.07714656586930281
4.12,0.004513396807345794,0.07714656586930281
4.13,0.004513396807345794,0.07714656586930281
4.14,0.004513396807345794,0.07714656586930281
4.15,0.004513396807345794,0.07714656586930281
4.16,0.004513396807345794,0.07714656586930281
4.17,0.004513396807345794,0.07714656586930281
4.18,0.004513396807345794,0.07714656586930281
4.19,0.004513396807345794,0.07714656586930281
4.2,0.004513396807345794,0.07714656586930281
4.21,0.004513396807345794,0.07714656586930281
4.22,0.004513396807345794,0.07714656586930281
4.23,0.004513396807345794,0.07714656586930281
4.24,0.004513396807345794,0.07714656586930281
4.25,0.004513396807345794,0.07714656586930281
4.26,0.004513396807345794,0.07714656586930281
4.27,0.004513396807345794,0.07714656586930281
4.28,0.004513396807345794,0.07714656586930281
4.29,0.004513396807345794,0.07714656586930281
4.3,0.004513396807345794,0.07714656586930281
4.31,0.004513396807345794,0.07714656586930281
4.32,0.004513396807345794,0.07714656586930281
4.33,0.004513396807345794,0.07714656586930281
4.34,0.004513396807345794,0.07714656586930281
4.35,0.004513396807345794,0.07714656586930281
4.36,0.004513396807345794,0.07714656586930281
4.37,0.004513396807345794,0.07714656586930281
4.38,0.004513396807345794,0.07714656586930281
4.39,0.004513396807345794,0.07714656586930281
4.4,0.004513396807345794,0.07714656586930281
4.41,0.004513396807345794,0.07714656586930281
4.42,0.004513396807345794,0.07714656586930281
4.43,0.004513396807345794,0.07714656586930281
4.44,0.004513396807345794,0.07714656586930281
4.45,0.004513396807345794,0.07714656586930281
4.46,0.004513396807345794,0.07714656586930281
4.47,0.004513396807345794,0.07714656586930281
4.48,0.004513396807345794,0.07714656586930281
4.49,0.004513396807345794,0.07714656586930281
4.5,0.004513396807345794,0.07714656586930281
4.51,0.004513396807345794,0.07714656586930281
4.52,0.004513396807345794,0.07714656586930281
4.53,0.004513396807345794,0.07714656586930281
4.54,0.004513396807345794,0.07714656586930281
4.55,0.004513396807345794,0.07714656586930281
4.56,0.004513396807345794,0.07714656586930281
4.57,0.004513396807345794,0.07714656586930281
4.58,0.004513396807345794,0.07714656586930281
4.59,0.004513396807345794,0.07714656586930281
4.6,0.004513396807345794,0.07714656586930281
4.61,0.004513396807345794,0.07714656586930281
4.62,0.004513396807345794,0.07714656586930281
4.63,0.004513396807345794,0.07714656586930281
4.64,0.004513396807345794,0.07714656586930281
4.65,0.004513396807345794,0.07714656586930281
4.66,0.004513396807345794,0.07714656586930281
4.67,0.004513396807345794,0.07714656586930281
4.68,0.004513396807345794,0.07714656586930281
4.69,0.004513396807345794,0.07714656586930281
4.7,0.004513396807345794,0.07714656586930281
4.71,0.004513396807345794,0.07714656586930281
4.72,0.004513396807345794,0.07714656586930281
4.73,0.004513396807345794,0.07714656586930281
4.74,0.004513396807345794,0.07714656586930281
4.75,0.004513396807345794,0.07714656586930281
4.76,0.004513396807345794,0.07714656586930281
4.77,0.004513396807345794,0.07714656586930281
4.78,0.004513396807345794,0.07714656586930281
4.79,0.004513396807345794,0.07714656586930281
4.8,0.004513396807345794,0.07714656586930281
4.81,0.004513396807345794,0.07714656586930281
4.82,0.004513396807345794,0.07714656586930281
4.83,0.004513396807345794,0.07714656586930281
4.84,0.004513396807345794,0.07714656586930281
4.85,0.004513396807345794,0.07714656586930281
4.86,0.004513396807345794,0.07714656586930281
4.87,0.004513396807345794,0.07714656586930281
4.88,0.004513396807345794,0.07714656586930281
4.89,0.004513396807345794,0.07714656586930281
4.9,0.004513396807345794,0.07714656586930281
4.91,0.004513396807345794,0.07714656586930281
4.92,0.004513396807345794,0.07714656586930281
4.93,0.004513396807345794,0.07714656586930281
4.94,0.004513396807345794,0.07714656586930281
4.95,0.004513396807345794,0.07714656586930281
4.96,0.004513396807345794,0.07714656586930281
4.97,0.004513396807345794,0.07714656586930281
4.98,0.004513396807345794,0.07714656586930281
4.99,0.004513396807345794,0.07714656586930281
5.0,0.004513396807345794,0.07714656586930281
5.01,0.004486546703629945,0.07741393831544635
5.02,0.004459696599914097,0.07768131076158989
5.03,0.004432846496198248,0.07794868320773343
5.04,0.0044059963924824,0.07821605565387697
5.05,0.004379146288766551,0.07848342810002051
5.06,0.0043522961850507025,0.07875080054616405
5.07,0.004325446081334854,0.0790181729923076
5.08,0.004298595977619005,0.07928554543845114
5.09,0.004271745873903157,0.07955291788459468
5.1,0.004244895770187308,0.07982029033073822
5.11,0.00421804566647146,0.08008766277688176
5.12,0.004191195562755611,0.0803550352230253
5.13,0.004164345459039763,0.08062240766916884
5.14,0.004137495355323914,0.08088978011531238
5.15,0.0041106452516080656,0.08115715256145592
5.16,0.004083795147892217,0.08142452500759946
5.17,0.0040569450441763685,0.081691897453743
5.18,0.00403009494046052,0.08195926989988654
5.19,0.004003244836744671,0.08222664234603008
5.2,0.003976394733028823,0.08249401479217362
5.21,0.003949544629312974,0.08276138723831716
5.22,0.003922694525597126,0.0830287596844607
5.23,0.003895844421881277,0.08329613213060424
5.24,0.0038689943181654286,0.08356350457674779
5.25,0.00384214421444958,0.08383087702289133
5.26,0.0038152941107337315,0.08409824946903487
5.27,0.003788444007017883,0.08436562191517841
5.28,0.0037615939033020344,0.08463299436132195
5.29,0.003734743799586186,0.08490036680746549
5.3,0.0037078936958703373,0.08516773925360903
5.31,0.003681043592154489,0.08543511169975257
5.32,0.0036541934884386403,0.08570248414589611
5.33,0.0036273433847227917,0.08596985659203965
5.34,0.003600493281006943,0.08623722903818319
5.35,0.0035736431772910946,0.08650460148432673
5.36,0.003546793073575246,0.08677197393047027
5.37,0.0035199429698593975,0.08703934637661381
5.38,0.003493092866143549,0.08730671882275735
5.39,0.0034662427624277004,0.0875740912689009
5.4,0.003439392658711852,0.08784146371504443
5.41,0.0034125425549960033,0.08810883616118798
5.42,0.0033856924512801548,0.08837620860733152
5.43,0.0033588423475643062,0.08864358105347506
5.44,0.0033319922438484577,0.0889109534996186
5.45,0.003305142140132609,0.08917832594576214
5.46,0.0032782920364167606,0.08944569839190568
5.47,0.003251441932700912,0.08971307083804922
5.48,0.0032245918289850635,0.08998044328419276
5.49,0.003197741725269215,0.0902478157303363
5.5,0.0031708916215533664,0.09051518817647984
5.51,0.003144041517837518,0.09078256062262338
5.52,0.0031171914141216693,0.09104993306876692
5.53,0.0030903413104058208,0.09131730551491046
5.54,0.003063491206689972,0.091584677961054
5.55,0.0030366411029741237,0.09185205040719754
5.56,0.003009790999258275,0.09211942285334108
5.57,0.0029829408955424266,0.09238679529948463
5.58,0.002956090791826578,0.09265416774562817
5.59,0.0029292406881107295,0.0929215401917717
5.6,0.002902390584394881,0.09318891263791525
5.61,0.0028755404806790324,0.09345628508405879
5.62,0.002848690376963184,0.09372365753020233
5.63,0.0028218402732473353,0.09399102997634587
5.64,0.0027949901695314867,0.09425840242248941
5.65,0.002768140065815638,0.09452577486863295
5.66,0.0027412899620997896,0.09479314731477649
5.67,0.002714439858383941,0.09506051976092003
5.68,0.0026875897546680926,0.09532789220706357
5.69,0.002660739650952244,0.09559526465320711
5.7,0.0026338895472363955,0.09586263709935065
5.71,0.002607039443520547,0.0961300095454942
5.72,0.0025801893398046984,0.09639738199163773
5.73,0.00255333923608885,0.09666475443778128
5.74,0.0025264891323730013,0.09693212688392482
5.75,0.0024996390286571527,0.09719949933006836
5.76,0.002472788924941304,0.0974668717762119
5.77,0.0024459388212254556,0.09773424422235544
5.78,0.002419088717509607,0.09800161666849898
5.79,0.0023922386137937585,0.09826898911464252
5.8,0.00236538851007791,0.09853636156078606
5.81,0.0023385384063620614,0.0988037340069296
5.82,0.002311688302646213,0.09907110645307314
5.83,0.0022848381989303643,0.09933847889921668
5.84,0.002257988095214516,0.09960585134536022
5.85,0.0022311379914986672,0.09987322379150376
5.86,0.0022042878877828187,0.1001405962376473
5.87,0.00217743778406697,0.10040796868379084
5.88,0.0021505876803511216,0.10067534112993438
5.89,0.002123737576635273,0.10094271357607792
5.9,0.0020968874729194245,0.10121008602222147
5.91,0.002070037369203576,0.101477458468365
5.92,0.0020431872654877274,0.10174483091450855
5.93,0.002016337161771879,0.10201220336065209
5.94,0.0019894870580560303,0.10227957580679563
5.95,0.0019626369543401818,0.10254694825293917
5.96,0.0019357868506243332,0.10281432069908271
5.97,0.0019089367469084847,0.10308169314522625
5.98,0.0018820866431926361,0.10334906559136979
5.99,0.0018552365394767876,0.10361643803751333
6.0,0.001828386435760939,0.10388381048365687
6.01,0.0018015363320450905,0.10415118292980041
6.02,0.001774686228329242,0.10441855537594395
6.03,0.0017478361246133934,0.1046859278220875
6.04,0.0017209860208975448,0.10495330026823103
6.05,0.0016941359171816963,0.10522067271437457
6.06,0.0016672858134658478,0.10548804516051812
6.07,0.0016404357097499992,0.10575541760666166
6.08,0.0016135856060341507,0.1060227900528052
6.09,0.0015867355023183021,0.10629016249894874
6.1,0.0015598853986024536,0.10655753494509228
6.11,0.001533035294886605,0.10682490739123582
6.12,0.0015061851911707565,0.10709227983737936
6.13,0.001479335087454908,0.1073596522835229
6.14,0.0014524849837390594,0.10762702472966644
6.15,0.0014256348800232108,0.10789439717580998
6.16,0.0013987847763073623,0.10816176962195352
6.17,0.0013719346725915137,0.10842914206809706
6.18,0.0013450845688756652,0.1086965145142406
6.19,0.0013182344651598166,0.10896388696038414
6.2,0.001291384361443968,0.10923125940652768
6.21,0.0012645342577281195,0.10949863185267122
6.22,0.001237684154012271,0.10976600429881476
6.23,0.0012108340502964225,0.1100333767449583
6.24,0.001183983946580574,0.11030074919110185
6.25,0.0011571338428647254,0.11056812163724539
6.26,0.0011302837391488768,0.11083549408338893
6.27,0.0011034336354330283,0.11110286652953247
6.28,0.0010765835317171797,0.11137023897567601
6.29,0.0010497334280013312,0.11163761142181955
6.3,0.0010228833242854826,0.11190498386796309
6.31,0.000996033220569634,0.11217235631410663
6.32,0.0009691831168537854,0.11243972876025017
6.33,0.0009423330131379368,0.11270710120639371
6.34,0.0009154829094220881,0.11297447365253725
6.35,0.0008886328057062395,0.11324184609868079
6.36,0.0008617827019903908,0.11350921854482433
6.37,0.0008349325982745421,0.11377659099096787
6.38,0.0008080824945586935,0.11404396343711141
6.39,0.0007812323908428448,0.11431133588325496
6.4,0.0007543822871269962,0.1145787083293985
6.41,0.0007275321834111475,0.11484608077554204
6.42,0.0007006820796952989,0.11511345322168558
6.43,0.0006738319759794502,0.11538082566782912
6.44,0.0006469818722636015,0.11564819811397266
6.45,0.0006201317685477529,0.1159155705601162
6.46,0.0005932816648319042,0.11618294300625974
6.47,0.0005664315611160556,0.11645031545240328
6.48,0.0005395814574002069,0.11671768789854682
6.49,0.0005127313536843583,0.11698506034469036
6.5,0.00048588124996850967,0.1172524327908339
6.51,0.00045903114625266107,0.11751980523697744
6.52,0.00043218104253681247,0.11778717768312098
6.53,0.00040533093882096386,0.11805455012926452
6.54,0.00037848083510511526,0.11832192257540806
6.55,0.00035163073138926666,0.1185892950215516
6.56,0.00032478062767341806,0.11885666746769515
6.57,0.00029793052395756946,0.11912403991383869
6.58,0.00027108042024172086,0.11939141235998223
6.59,0.00024423031652587226,0.11965878480612577
6.6,0.00021738021281002365,0.11992615725226931
6.61,0.00019053010909417505,0.12019352969841285
6.62,0.00016368000537832645,0.12046090214455639
6.63,0.00013682990166247785,0.12072827459069993
6.64,0.00013682990166247785,0.12099564703684347
6.65,0.00013682990166247785,0.12126301948298701
6.66,0.00013682990166247785,0.12153039192913055
6.67,0.00013682990166247785,0.12179776437527409
6.68,0.00013682990166247785,0.12206513682141763
6.69,0.00013682990166247785,0.12233250926756117
6.7,0.00013682990166247785,0.12259988171370471
6.71,0.00013682990166247785,0.12286725415984825
6.72,0.00013682990166247785,0.1231346266059918
6.73,0.00013682990166247785,0.12340199905213534
6.74,0.00013682990166247785,0.12366937149827888
6.75,0.00013682990166247785,0.12393674394442242
6.76,0.00013682990166247785,0.12420411639056596
6.77,0.00013682990166247785,0.1244714888367095
6.78,0.00013682990166247785,0.12473886128285304
6.79,0.00013682990166247785,0.12500623372899658
6.8,0.00013682990166247785,0.12527360617514013
6.81,0.00013682990166247785,0.1255409786212837
6.82,0.00013682990166247785,0.12580835106742724
6.83,0.00013682990166247785,0.1260757235135708
6.84,0.00013682990166247785,0.12634309595971435
6.85,0.00013682990166247785,0.1266104684058579
6.86,0.00013682990166247785,0.12687784085200146
6.87,0.00013682990166247785,0.12714521329814502
6.88,0.00013682990166247785,0.12741258574428857
6.89,0.00013682990166247785,0.12767995819043212
6.9,0.00013682990166247785,0.12794733063657568
6.91,0.00013682990166247785,0.12821470308271923
6.92,0.00013682990166247785,0.1284820755288628
6.93,0.00013682990166247785,0.12874944797500634
6.94,0.00013682990166247785,0.1290168204211499
6.95,0.00013682990166247785,0.12928419286729345
6.96,0.00013682990166247785,0.129551565313437
6.97,0.00013682990166247785,0.12981893775958056
6.98,0.00013682990166247785,0.12981893775958056
6.99,0.00013682990166247785,0.12981893775958056
7.0,0.00013682990166247785,0.12981893775958056
7.01,0.00013682990166247785,0.12981893775958056
7.02,0.00013682990166247785,0.12981893775958056
7.03,0.00013682990166247785,0.12981893775958056
7.04,0.00013682990166247785,0.12981893775958056
7.05,0.00013682990166247785,0.12981893775958056
7.06,0.00013682990166247785,0.12981893775958056
7.07,0.00013682990166247785,0.12981893775958056
7.08,0.00013682990166247785,0.12981893775958056
7.09,0.00013682990166247785,0.12981893775958056
7.1,0.00013682990166247785,0.12981893775958056
7.11,0.00013682990166247785,0.12981893775958056
7.12,0.00013682990166247785,0.12981893775958056
7.13,0.00013682990166247785,0.12981893775958056
7.14,0.00013682990166247785,0.12981893775958056
7.15,0.00013682990166247785,0.12981893775958056
7.16,0.00013682990166247785,0.12981893775958056
7.17,0.00013682990166247785,0.12981893775958056
7.18,0.00013682990166247785,0.12981893775958056
7.19,0.00013682990166247785,0.12981893775958056
7.2,0.00013682990166247785,0.12981893775958056
7.21,0.00013682990166247785,0.12981893775958056
7.22,0.00013682990166247785,0.12981893775958056
7.23,0.00013682990166247785,0.12981893775958056
7.24,0.00013682990166247785,0.12981893775958056
7.25,0.00013682990166247785,0.12981893775958056
7.26,0.00013682990166247785,0.12981893775958056
7.27,0.00013682990166247785,0.12981893775958056
7.28,0.00013682990166247785,0.12981893775958056
7.29,0.00013682990166247785,0.12981893775958056
7.3,0.00013682990166247785,0.12981893775958056
7.31,0.00013682990166247785,0.12981893775958056
7.32,0.00013682990166247785,0.12981893775958056
7.33,0.00013682990166247785,0.12981893775958056
7.34,0.00013682990166247785,0.12981893775958056
7.35,0.00013682990166247785,0.12981893775958056
7.36,0.00013682990166247785,0.12981893775958056
7.37,0.00013682990166247785,0.12981893775958056
7.38,0.00013682990166247785,0.12981893775958056
7.39,0.00013682990166247785,0.12981893775958056
7.4,0.00013682990166247785,0.12981893775958056
7.41,0.00013682990166247785,0.12981893775958056
7.42,0.00013682990166247785,0.12981893775958056
7.43,0.00013682990166247785,0.12981893775958056
7.44,0.00013682990166247785,0.12981893775958056
7.45,0.00013682990166247785,0.12981893775958056
7.46,0.00013682990166247785,0.12981893775958056
7.47,0.00013682990166247785,0.12981893775958056
7.48,0.00013682990166247785,0.12981893775958056
7.49,0.00013682990166247785,0.12981893775958056
7.5,0.00013682990166247785,0.12981893775958056
7.51,0.00013682990166247785,0.12981893775958056
7.52,0.00013682990166247785,0.12981893775958056
7.53,0.00013682990166247785,0.12981893775958056
7.54,0.00013682990166247785,0.12981893775958056
7.55,0.00013682990166247785,0.12981893775958056
7.56,0.00013682990166247785,0.12981893775958056
7.57,0.00013682990166247785,0.12981893775958056
7.58,0.00013682990166247785,0.12981893775958056
7.59,0.00013682990166247785,0.12981893775958056
7.6,0.00013682990166247785,0.12981893775958056
7.61,0.00013682990166247785,0.12981893775958056
7.62,0.00013682990166247785,0.12981893775958056
7.63,0.00013682990166247785,0.12981893775958056
7.64,0.00013682990166247785,0.12981893775958056
7.65,0.00013682990166247785,0.12981893775958056
7.66,0.00013682990166247785,0.12981893775958056
7.67,0.00013682990166247785,0.12981893775958056
7.68,0.00013682990166247785,0.12981893775958056
7.69,0.00013682990166247785,0.12981893775958056
7.7,0.00013682990166247785,0.12981893775958056
7.71,0.00013682990166247785,0.12981893775958056
7.72,0.00013682990166247785,0.12981893775958056
7.73,0.00013682990166247785,0.12981893775958056
7.74,0.00013682990166247785,0.12981893775958056
7.75,0.00013682990166247785,0.12981893775958056
7.76,0.00013682990166247785,0.12981893775958056
7.77,0.00013682990166247785,0.12981893775958056
7.78,0.00013682990166247785,0.12981893775958056
7.79,0.00013682990166247785,0.12981893775958056
7.8,0.00013682990166247785,0.12981893775958056
7.81,0.00013682990166247785,0.12981893775958056
7.82,0.00013682990166247785,0.12981893775958056
7.83,0.00013682990166247785,0.12981893775958056
7.84,0.00013682990166247785,0.12981893775958056
7.85,0.00013682990166247785,0.12981893775958056
7.86,0.00013682990166247785,0.12981893775958056
7.87,0.00013682990166247785,0.12981893775958056
7.88,0.00013682990166247785,0.12981893775958056
7.89,0.00013682990166247785,0.12981893775958056
7.9,0.00013682990166247785,0.12981893775958056
7.91,0.00013682990166247785,0.12981893775958056
7.92,0.00013682990166247785,0.12981893775958056
7.93,0.00013682990166247785,0.12981893775958056
7.94,0.00013682990166247785,0.12981893775958056
7.95,0.00013682990166247785,0.12981893775958056
7.96,0.00013682990166247785,0.12981893775958056
7.97,0.00013682990166247785,0.12981893775958056
7.98,0.00013682990166247785,0.12981893775958056
7.99,0.00013682990166247785,0.12981893775958056
8.0,0.00013682990166247785,0.12981893775958056
8.01,0.00013682990166247785,0.12981893775958056
8.02,0.00013682990166247785,0.12981893775958056
8.03,0.00013682990166247785,0.12981893775958056
8.04,0.00013682990166247785,0.12981893775958056
8.05,0.00013682990166247785,0.12981893775958056
8.06,0.00013682990166247785,0.12981893775958056
8.07,0.00013682990166247785,0.12981893775958056
8.08,0.00013682990166247785,0.12981893775958056
8.09,0.00013682990166247785,0.12981893775958056
8.1,0.00013682990166247785,0.12981893775958056
8.11,0.00013682990166247785,0.12981893775958056
8.12,0.00013682990166247785,0.12981893775958056
8.13,0.00013682990166247785,0.12981893775958056
8.14,0.00013682990166247785,0.12981893775958056
8.15,0.00013682990166247785,0.12981893775958056
8.16,0.00013682990166247785,0.12981893775958056
8.17,0.00013682990166247785,0.12981893775958056
8.18,0.00013682990166247785,0.12981893775958056
8.19,0.00013682990166247785,0.12981893775958056
8.2,0.00013682990166247785,0.12981893775958056
8.21,0.00013682990166247785,0.12981893775958056
8.22,0.00013682990166247785,0.12981893775958056
8.23,0.00013682990166247785,0.12981893775958056
8.24,0.00013682990166247785,0.12981893775958056
8.25,0.00013682990166247785,0.12981893775958056
8.26,0.00013682990166247785,0.12981893775958056
8.27,0.00013682990166247785,0.12981893775958056
8.28,0.00013682990166247785,0.12981893775958056
8.29,0.00013682990166247785,0.12981893775958056
8.3,0.00013682990166247785,0.12981893775958056
8.31,0.00013682990166247785,0.12981893775958056
8.32,0.00013682990166247785,0.12981893775958056
8.33,0.00013682990166247785,0.12981893775958056
8.34,0.00013682990166247785,0.12981893775958056
8.35,0.00013682990166247785,0.12981893775958056
8.36,0.00013682990166247785,0.12981893775958056
8.37,0.00013682990166247785,0.12981893775958056
8.38,0.00013682990166247785,0.12981893775958056
8.39,0.00013682990166247785,0.12981893775958056
8.4,0.00013682990166247785,0.12981893775958056
8.41,0.00013682990166247785,0.12981893775958056
8.42,0.00013682990166247785,0.12981893775958056
8.43,0.00013682990166247785,0.12981893775958056
8.44,0.00013682990166247785,0.12981893775958056
8.45,0.00013682990166247785,0.12981893775958056
8.46,0.00013682990166247785,0.12981893775958056
8.47,0.00013682990166247785,0.12981893775958056
8.48,0.00013682990166247785,0.12981893775958056
8.49,0.00013682990166247785,0.12981893775958056
8.5,0.00013682990166247785,0.12981893775958056
8.51,0.00013682990166247785,0.12981893775958056
8.52,0.00013682990166247785,0.12981893775958056
8.53,0.00013682990166247785,0.12981893775958056
8.54,0.00013682990166247785,0.12981893775958056
8.55,0.00013682990166247785,0.12981893775958056
8.56,0.00013682990166247785,0.12981893775958056
8.57,0.00013682990166247785,0.12981893775958056
8.58,0.00013682990166247785,0.12981893775958056
8.59,0.00013682990166247785,0.12981893775958056
8.6,0.00013682990166247785,0.12981893775958056
8.61,0.00013682990166247785,0.12981893775958056
8.62,0.00013682990166247785,0.12981893775958056
8.63,0.00013682990166247785,0.12981893775958056
8.64,0.00013682990166247785,0.12981893775958056
8.65,0.00013682990166247785,0.12981893775958056
8.66,0.00013682990166247785,0.12981893775958056
8.67,0.00013682990166247785,0.12981893775958056
8.68,0.00013682990166247785,0.12981893775958056
8.69,0.00013682990166247785,0.12981893775958056
8.7,0.00013682990166247785,0.12981893775958056
8.71,0.00013682990166247785,0.12981893775958056
8.72,0.00013682990166247785,0.12981893775958056
8.73,0.00013682990166247785,0.12981893775958056
8.74,0.00013682990166247785,0.12981893775958056
8.75,0.00013682990166247785,0.12981893775958056
8.76,0.00013682990166247785,0.12981893775958056
8.77,0.00013682990166247785,0.12981893775958056
8.78,0.00013682990166247785,0.12981893775958056
8.79,0.00013682990166247785,0.12981893775958056
8.8,0.00013682990166247785,0.12981893775958056
8.81,0.00013682990166247785,0.12981893775958056
8.82,0.00013682990166247785,0.12981893775958056
8.83,0.00013682990166247785,0.12981893775958056
8.84,0.00013682990166247785,0.12981893775958056
8.85,0.00013682990166247785,0.12981893775958056
8.86,0.00013682990166247785,0.12981893775958056
8.87,0.00013682990166247785,0.12981893775958056
8.88,0.00013682990166247785,0.12981893775958056
8.89,0.00013682990166247785,0.12981893775958056
8.9,0.00013682990166247785,0.12981893775958056
8.91,0.00013682990166247785,0.12981893775958056
8.92,0.00013682990166247785,0.12981893775958056
8.93,0.00013682990166247785,0.12981893775958056
8.94,0.00013682990166247785,0.12981893775958056
8.95,0.00013682990166247785,0.12981893775958056
8.96,0.00013682990166247785,0.12981893775958056
8.97,0.00013682990166247785,0.12981893775958056
8.98,0.00013682990166247785,0.12981893775958056
8.99,0.00013682990166247785,0.12981893775958056
9.0,0.00013682990166247785,0.12981893775958056
9.01,0.00013682990166247785,0.12981893775958056
9.02,0.00013682990166247785,0.12981893775958056
9.03,0.00013682990166247785,0.12981893775958056
9.04,0.00013682990166247785,0.12981893775958056
9.05,0.00013682990166247785,0.12981893775958056
9.06,0.00013682990166247785,0.12981893775958056
9.07,0.00013682990166247785,0.12981893775958056
9.08,0.00013682990166247785,0.12981893775958056
9.09,0.00013682990166247785,0.12981893775958056
9.1,0.00013682990166247785,0.12981893775958056
9.11,0.00013682990166247785,0.12981893775958056
9.12,0.00013682990166247785,0.12981893775958056
9.13,0.00013682990166247785,0.12981893775958056
9.14,0.00013682990166247785,0.12981893775958056
9.15,0.00013682990166247785,0.12981893775958056
9.16,0.00013682990166247785,0.12981893775958056
9.17,0.00013682990166247785,0.12981893775958056
9.18,0.00013682990166247785,0.12981893775958056
9.19,0.00013682990166247785,0.12981893775958056
9.2,0.00013682990166247785,0.12981893775958056
9.21,0.00013682990166247785,0.12981893775958056
9.22,0.00013682990166247785,0.12981893775958056
9.23,0.00013682990166247785,0.12981893775958056
9.24,0.00013682990166247785,0.12981893775958056
9.25,0.00013682990166247785,0.12981893775958056
9.26,0.00013682990166247785,0.12981893775958056
9.27,0.00013682990166247785,0.12981893775958056
9.28,0.00013682990166247785,0.12981893775958056
9.29,0.00013682990166247785,0.12981893775958056
9.3,0.00013682990166247785,0.12981893775958056
9.31,0.00013682990166247785,0.12981893775958056
9.32,0.00013682990166247785,0.12981893775958056
9.33,0.00013682990166247785,0.12981893775958056
9.34,0.00013682990166247785,0.12981893775958056
9.35,0.00013682990166247785,0.12981893775958056
9.36,0.00013682990166247785,0.12981893775958056
9.37,0.00013682990166247785,0.12981893775958056
9.38,0.00013682990166247785,0.12981893775958056
9.39,0.00013682990166247785,0.12981893775958056
9.4,0.00013682990166247785,0.12981893775958056
9.41,0.00013682990166247785,0.12981893775958056
9.42,0.00013682990166247785,0.12981893775958056
9.43,0.00013682990166247785,0.12981893775958056
9.44,0.00013682990166247785,0.12981893775958056
9.45,0.00013682990166247785,0.12981893775958056
9.46,0.00013682990166247785,0.12981893775958056
9.47,0.00013682990166247785,0.12981893775958056
9.48,0.00013682990166247785,0.12981893775958056
9.49,0.00013682990166247785,0.12981893775958056
9.5,0.00013682990166247785,0.12981893775958056
9.51,0.00013682990166247785,0.12981893775958056
9.52,0.00013682990166247785,0.12981893775958056
9.53,0.00013682990166247785,0.12981893775958056
9.54,0.00013682990166247785,0.12981893775958056
9.55,0.00013682990166247785,0.12981893775958056
9.56,0.00013682990166247785,0.12981893775958056
9.57,0.00013682990166247785,0.12981893775958056
9.58,0.00013682990166247785,0.12981893775958056
9.59,0.00013682990166247785,0.12981893775958056
9.6,0.00013682990166247785,0.12981893775958056
9.61,0.00013682990166247785,0.12981893775958056
9.62,0.00013682990166247785,0.12981893775958056
9.63,0.00013682990166247785,0.12981893775958056
9.64,0.00013682990166247785,0.12981893775958056
9.65,0.00013682990166247785,0.12981893775958056
9.66,0.00013682990166247785,0.12981893775958056
9.67,0.00013682990166247785,0.12981893775958056
9.68,0.00013682990166247785,0.12981893775958056
9.69,0.00013682990166247785,0.12981893775958056
9.7,0.00013682990166247785,0.12981893775958056
9.71,0.00013682990166247785,0.12981893775958056
9.72,0.00013682990166247785,0.12981893775958056
9.73,0.00013682990166247785,0.12981893775958056
9.74,0.00013682990166247785,0.12981893775958056
9.75,0.00013682990166247785,0.12981893775958056
9.76,0.00013682990166247785,0.12981893775958056
9.77,0.00013682990166247785,0.12981893775958056
9.78,0.00013682990166247785,0.12981893775958056
9.79,0.00013682990166247785,0.12981893775958056
9.8,0.00013682990166247785,0.12981893775958056
9.81,0.00013682990166247785,0.12981893775958056
9.82,0.00013682990166247785,0.12981893775958056
9.83,0.00013682990166247785,0.12981893775958056
9.84,0.00013682990166247785,0.12981893775958056
9.85,0.00013682990166247785,0.12981893775958056
9.86,0.00013682990166247785,0.12981893775958056
9.87,0.00013682990166247785,0.12981893775958056
9.88,0.00013682990166247785,0.12981893775958056
9.89,0.00013682990166247785,0.12981893775958056
9.9,0.00013682990166247785,0.12981893775958056
9.91,0.00013682990166247785,0.12981893775958056
9.92,0.00013682990166247785,0.12981893775958056
9.93,0.00013682990166247785,0.12981893775958056
9.94,0.00013682990166247785,0.12981893775958056
9.95,0.00013682990166247785,0.12981893775958056
9.96,0.00013682990166247785,0.12981893775958056
9.97,0.00013682990166247785,0.12981893775958056
9.98,0.00013682990166247785,0.12981893775958056
9.99,0.00013682990166247785,0.12981893775958056
10.0,0.00013682990166247785,0.12981893775958056
